Suite/Test/Step Name,Browser,Description,Start time,End time,Duration,Status
TS_1,Chrome 78.0.3904.108,,2019-12-06 14:47:09,2019-12-06 14:47:49,39.843s,PASSED
,,,,,,
Test Cases/TC_Login1,Chrome 78.0.3904.108,,2019-12-06 14:47:10,2019-12-06 14:47:49,39.095s,PASSED
"openBrowser("""")",Chrome 78.0.3904.108,,2019-12-06 14:47:11,2019-12-06 14:47:22,10.895s,PASSED
"navigateToUrl(""https://dsgroup.humanity.com/app/"")",Chrome 78.0.3904.108,,2019-12-06 14:47:22,2019-12-06 14:47:25,3.399s,PASSED
"setText(findTestObject(""Object Repository/Page_Online Employee Scheduling Sof/input_Your password has expire""), ""dragan@dplussgroup.com"")",Chrome 78.0.3904.108,,2019-12-06 14:47:25,2019-12-06 14:47:26,0.660s,PASSED
"setEncryptedText(findTestObject(""Object Repository/Page_Online Employee Scheduling Sof/input_Your password has expire_9""), ""7yNAhyZfJovLPv5wBPwDxw=="")",Chrome 78.0.3904.108,,2019-12-06 14:47:26,2019-12-06 14:47:26,0.326s,PASSED
"click(findTestObject(""Object Repository/Page_Online Employee Scheduling Sof/button_Log in""))",Chrome 78.0.3904.108,,2019-12-06 14:47:26,2019-12-06 14:47:27,0.294s,PASSED
delay(3),Chrome 78.0.3904.108,,2019-12-06 14:47:27,2019-12-06 14:47:30,3.067s,PASSED
found = false,Chrome 78.0.3904.108,,2019-12-06 14:47:30,2019-12-06 14:47:30,0.001s,PASSED
to = <not implemented yet for class: org.codehaus.groovy.ast.expr.EmptyExpression>,Chrome 78.0.3904.108,,2019-12-06 14:47:30,2019-12-06 14:47:30,0.004s,PASSED
"to = TestObject().addProperty(""xpath"", CONTAINS, ""//input[@id=""password""]"")",Chrome 78.0.3904.108,,2019-12-06 14:47:30,2019-12-06 14:47:30,0.100s,PASSED
"found = verifyElementAttributeValue(to, ""title"", ""Password"", 10, CONTINUE_ON_FAILURE)",Chrome 78.0.3904.108,,2019-12-06 14:47:30,2019-12-06 14:47:40,10.760s,PASSED
delay(3),Chrome 78.0.3904.108,,2019-12-06 14:47:40,2019-12-06 14:47:43,3.002s,PASSED
if (!(found)),Chrome 78.0.3904.108,,2019-12-06 14:47:43,2019-12-06 14:47:44,0.609s,PASSED
delay(3),Chrome 78.0.3904.108,,2019-12-06 14:47:44,2019-12-06 14:47:47,3.004s,PASSED
closeBrowser(),Chrome 78.0.3904.108,,2019-12-06 14:47:47,2019-12-06 14:47:49,1.561s,PASSED
