Suite/Test/Step Name,Browser,Description,Start time,End time,Duration,Status
TS_1,Chrome 78.0.3904.108,,2019-12-06 14:49:05,2019-12-06 14:49:44,38.821s,PASSED
,,,,,,
Test Cases/TC_Login1,Chrome 78.0.3904.108,,2019-12-06 14:49:06,2019-12-06 14:49:44,38.088s,PASSED
"openBrowser("""")",Chrome 78.0.3904.108,,2019-12-06 14:49:07,2019-12-06 14:49:17,9.802s,PASSED
"navigateToUrl(""https://dsgroup.humanity.com/app/"")",Chrome 78.0.3904.108,,2019-12-06 14:49:17,2019-12-06 14:49:20,3.234s,PASSED
"setText(findTestObject(""Object Repository/Page_Online Employee Scheduling Sof/input_Your password has expire""), ""dragan@dplussgroup.com"")",Chrome 78.0.3904.108,,2019-12-06 14:49:20,2019-12-06 14:49:20,0.670s,PASSED
"setEncryptedText(findTestObject(""Object Repository/Page_Online Employee Scheduling Sof/input_Your password has expire_9""), ""7yNAhyZfJovLPv5wBPwDxw=="")",Chrome 78.0.3904.108,,2019-12-06 14:49:20,2019-12-06 14:49:21,0.478s,PASSED
"click(findTestObject(""Object Repository/Page_Online Employee Scheduling Sof/button_Log in""))",Chrome 78.0.3904.108,,2019-12-06 14:49:21,2019-12-06 14:49:21,0.431s,PASSED
delay(3),Chrome 78.0.3904.108,,2019-12-06 14:49:21,2019-12-06 14:49:24,3.068s,PASSED
found = false,Chrome 78.0.3904.108,,2019-12-06 14:49:24,2019-12-06 14:49:24,0.001s,PASSED
to = <not implemented yet for class: org.codehaus.groovy.ast.expr.EmptyExpression>,Chrome 78.0.3904.108,,2019-12-06 14:49:24,2019-12-06 14:49:24,0.003s,PASSED
"to = TestObject().addProperty(""xpath"", CONTAINS, ""//input[@id=""password""]"")",Chrome 78.0.3904.108,,2019-12-06 14:49:24,2019-12-06 14:49:24,0.037s,PASSED
"found = verifyElementAttributeValue(to, ""title"", ""Password"", 10, CONTINUE_ON_FAILURE)",Chrome 78.0.3904.108,,2019-12-06 14:49:24,2019-12-06 14:49:36,11.036s,PASSED
delay(3),Chrome 78.0.3904.108,,2019-12-06 14:49:36,2019-12-06 14:49:39,3.002s,PASSED
if (!(found)),Chrome 78.0.3904.108,,2019-12-06 14:49:39,2019-12-06 14:49:39,0.611s,PASSED
delay(3),Chrome 78.0.3904.108,,2019-12-06 14:49:39,2019-12-06 14:49:42,3.005s,PASSED
closeBrowser(),Chrome 78.0.3904.108,,2019-12-06 14:49:42,2019-12-06 14:49:44,1.488s,PASSED
